first_name,last_name,membership_type,contact_number,membership_end_date,annual_fees
aadhya,Mishra, Gold,5145671954,05/03/2021,16964
Aarush,*Shah,  VIP,5400079663,12/08/2022,24274
advik,*Khanna,  VIP,4196102913,08/12/2023,23075
Ananya,BAnerjee,  VIP,8995538867,03/04/2024,22507
Aanya,Menon,Silver,4904418767,09/11/2025,14017
aaradhya,das, Gold,6915461779,04/02/2026,18710
Aryan,*Mehta,Silver,4770684775,06/08/2023,10479
Avani,Pillai, Gold,5818212864,07/09/2021,15832
Aarav,B,  VIP,3543837632,11/12/2024,22368
Avik,Chauhan,Silver,8006417789,02/05/2022,11316
bhavya,Patel, Gold,3008293287,10/03/2026,19014
Chetan,Sharma, Gold,2617112767,05/07/2024,16673
Dev,Reddy, Gold,473854404,09/04/2025,17730
Divya,Desai,Silver,6423122653,03/06/2026,10106
Diya,Singh,Silver,8664714565,08/09/2025,14992
Esha,k, Gold,3862219517,07/05/2023,15211
Gaurav,Rao,Silver,1572654439,12/07/2022,10408
Gayatri,Choudhary,  VIP,3073052924,01/02/2024,24189
Hritik,Nair,Silver,9674442471,06/11/2021,13677
Ishan,YADav, Gold,5893401753,04/01/2025,16710
Ishaan,Gupta,Silver,1799841065,09/05/2024,12682
Jiya,*Verma,  VIP,1979437329,05/12/2025,23059
Kabir,Iyer, Gold,9381058399,01/11/2023,16139
Kavya,Khan,Silver,5072575780,08/09/2023,11523
Krish,L,Silver,1586456447,10/07/2025,12641
Lakshmi,Mishra,Silver,7998402173,04/05/2023,11123
Maya,Shah,Silver,4413486903,11/12/2026,11681
Mahesh,Khanna, Gold,3721618378,06/08/2024,19571
Nandini,Banerjee,  VIP,8041737876,09/04/2021,21647
Niharika,Menon, Gold,5728951340,02/07/2023,18533
Omkar,Das,Silver,4660989855,12/03/2026,14898
Pooja,Mehta,  VIP,1345613065,07/01/2022,24736
Pranav,Pillai, Gold,1989732411,08/06/2026,18704
Riya,Bhat, Gold,6606652885,04/04/2022,19060
Rohan,Chauhan,  VIP,3390141544,05/08/2026,22092
Raj,Patel, Gold,6644015133,11/07/2024,15213
Sanya,Sharma, Gold,6718687129,03/09/2021,19120
Sagar,Reddy, Gold,2841445517,09/11/2023,15870
Sanjay,Desai, Gold,959228729,06/05/2022,19552
Shreya,Singh,Silver,4453125251,02/08/2026,14296
Siddharth,Kapoor, Gold,6474514241,10/02/2024,19646
Tanvi,Rao, Gold,2757885373,01/04/2022,18199
Tarun,Choudhary,  VIP,1048964174,12/11/2023,20286
Urvi,Nair, Gold,2096325908,04/03/2026,15449
Vaishnavi,Yadav,Silver,5539317645,07/01/2023,13852
Varun,Gupta,  VIP,9070208873,08/08/2023,20903
Ved,Verma,  VIP,7466730007,03/06/2025,24547
Vidya,Iyer, Gold,5550527544,09/04/2023,18431
Vinay,Khan,Silver,9584251932,07/05/2022,10630
Yash,Joshi,  VIP,9819235705,11/08/2024,24186
Aadi,Mishra,Silver,3231417332,01/03/2025,12750
Anika,Shah, Gold,9488178850,05/03/2021,15671
Arjun,Khanna,  VIP,8840128455,12/08/2022,21187
Arnav,Banerjee,  VIP,7017810828,08/12/2023,20933
Aayush,Menon,  VIP,3034544046,03/04/2024,21227
Anushka,Das, Gold,7522926101,09/11/2025,17720
Arya,Mehta,  VIP,4348098740,04/02/2026,22858
Bhavesh,Pillai,  VIP,8520645763,06/08/2023,23125
Deepika,Bhat,  VIP,1608255653,07/09/2021,21992
Darshan,Chauhan, Gold,8919094239,11/12/2024,18120
Eshita,Patel,Silver,5168624545,02/05/2022,11737
Gautam,Sharma, Gold,6284172167,10/03/2026,17917
Geeta,Reddy,  VIP,732940081,05/07/2024,23208
Hina,Desai, Gold,4610628846,09/04/2025,17791
Ira,*Singh, Gold,5973148915,03/06/2026,18894
Ishita,Kapoor,Silver,6981242842,08/09/2025,14337
Jai,Rao, Gold,3242071938,07/05/2023,16074
Kritika,Choudhary,Silver,1643960993,12/07/2022,10999
Kartik,Nair, Gold,5891611033,01/02/2024,19538
Leela,Yadav, Gold,6864226850,06/11/2021,16786
Mahima,Gupta,  VIP,1455928321,04/01/2025,24497
mukesh,Verma,  VIP,2032574303,09/05/2024,24597
Natasha,Iyer,  VIP,6822443803,05/12/2025,22538
Neil,Khan, Gold,5901567133,01/11/2023,19454
Neha,Joshi,  VIP,6317329509,08/09/2023,23294
Om,Mishra, Gold,3595495962,10/07/2025,17606
Parth,Shah, Gold,167590210,04/05/2023,17464
Pari,Khanna, Gold,7457195387,11/12/2026,17917
Rishi,Banerjee,  VIP,1112484618,06/08/2024,21134
Ritu,Menon,Silver,8556434641,09/04/2021,14781
Sahil,Das, Gold,5184618296,02/07/2023,17678
Shiv,Mehta, Gold,7208242970,12/03/2026,16715
Sneha,Pillai,  VIP,4348826973,07/01/2022,21015
Tanisha,Bhat,  VIP,9550357873,08/06/2026,24266
Uday,Chauhan,  VIP,2972349939,04/04/2022,24366
Urvashi,Patel, Gold,4575320644,05/08/2026,18323
Veer,Sharma,  VIP,3623834982,11/07/2024,20442
Vani,Reddy,  VIP,9223310377,03/09/2021,24146
Vihaan,Desai,Silver,9561337628,09/11/2023,14931
Alok,Singh,Silver,8663533676,06/05/2022,13673
Amrita,Kapoor,  VIP,4417587675,02/08/2026,20010
Arush,Rao,Silver,3780308114,10/02/2024,12750
Ameya,Choudhary,  VIP,8855912556,01/04/2022,24021
Bhanu,Nair,Silver,2599083894,12/11/2023,14818
Charu,Yadav,Silver,6804438396,04/03/2026,12181
daksh,Gupta, Gold,8695219077,07/01/2023,15643
Ekta,Verma,  VIP,3458954803,08/08/2023,20513
Farhan,*Iyer, Gold,1211376360,03/06/2025,15095
Gopal,Khan, Gold,2227898469,09/04/2023,19440
Ishani,Joshi, Gold,526898640,07/05/2022,18788
Advait,Mishra, Gold,2832798008,11/08/2024,15387
Aditi,Shah, Gold,3169531416,01/03/2025,17637
Alok,Khanna,Silver,2993523807,05/03/2021,14470
Anjali,Banerjee,Silver,3914963807,12/08/2022,12919
Aryaman,Menon,  VIP,1938867649,08/12/2023,20180
Devika,Das,Silver,6084003763,03/04/2024,14518
Eesha,Mehta, Gold,3047269014,09/11/2025,16903
Harsha,Pillai,Silver,2808418087,04/02/2026,13445
Isha,Bhat,  VIP,4495945023,06/08/2023,22065
Jaya,Chauhan, Gold,7566395680,07/09/2021,18880
Kabir,Patel,Silver,6969207350,11/12/2024,10178
Kiran,Sharma, Gold,8050469169,02/05/2022,18120
Meera,Reddy, Gold,9391342502,10/03/2026,16703
Neel,Desai,  VIP,192015893,05/07/2024,23470
Nidhi,*Singh,  VIP,8820256089,09/04/2025,22282
Ojas,Kapoor,  VIP,6585421307,03/06/2026,24172
Parul,Rao, Gold,1111760830,08/09/2025,18587
Ravi,Choudhary,Silver,4963195822,07/05/2023,11791
Riya,*Nair, Gold,7650384182,12/07/2022,16968