first_name,last_name,contact_number,enrolled_date,hours_spend,score,co_curricular_activity,attendance_percent
Sandeep,Sinha,9012363880,6/20/2023,27,127, Dance,90-100
vanchita,Murmu,971236388,6/20/2023,45,86,Drama,80-90
Syed Mohd,G,9212363882,2/9/2024,43,73,     Sports,90-100
Odugu,Sonawane,8012363883,5/2/2024,41,80,Dance,80-90
Sandesh,.B,6212363884,5/9/2024,20,159,Sports,90-100
Sagar,Haganoor,9012363885,6/19/2024,17,137,   Drama,80-90
Jagannath,katheria,9412363886,6/20/2023,39,88,Painting,80-90
Subasree,Dua,9012363887,6/20/2023,36,82,Quiz,70-80
Yash,mehta,9412363888,6/20/2023,39,113,Dance,90-100
Nujhat,Shivle,9012363889,6/20/2023,30,56,Sports,80-90
Gayatri,Sebastian,9012363890,6/20/2023,12,92,Quiz,60-70
S.Deepthi,choure,9012363891,6/20/2023,41,91,Drama,90-100
Sumanth,Kumari,901236382,6/20/2023,33,50,Painting,70-80
Vamsi,Futella,9012363893,6/20/2023,35,120,Dance,80-90
Megha,Pujari,9012363894,6/20/2023,19,120,Sports,90-100
Saumya,tamboli,8212363895,6/20/2023,24,181,Drama,90-100
Janhavi,Dubey,9012363896,6/20/2023,11,117,Painting,80-90
Lakshmi,Justin,9012363897,6/20/2023,2,36,Dance,70-80
Nayana,Iqbal,9012363898,6/20/2023,20,31,Sports,80-90
Paras,Lakshmi,8212363899,6/20/2023,7,53,Drama,60-70
Harish,CHOTU,9012363900,6/20/2023,31,119,Painting,90-100
Komal,NAIDU,9012363901,6/20/2023,40,126,Dance,80-90
bhagyashri,Rathor,9012363902,4/22/2024,4,36,Sports,70-80
kavitha,shukla,9012363903,6/20/2023,17,127,Drama,90-100
Surender,Dutta,9012363904,6/20/2023,33,94,Quiz,70-80
Royston,Salian,9012363905,6/20/2023,46,153,   Sports    ,80-90
Vineet,Chavan,9012363906,6/20/2023,26,166,Drama,60-70
Bornali,Vuppala,9012363907,6/20/2023,2,99,Quiz,90-100
Bipul,Sushma,9012363908,6/20/2023,44,117,Dance,80-90
anushka,Chandran,9012363909,6/20/2023,6,64,Painting,80-90
Parkavi,Awasthi,9012363910,6/20/2023,10,123,Quiz,70-80
siddhant,K,9012363911,6/20/2023,27,98,    Drama,70-80
hillary,Kumar,9012363912,6/20/2023,24,53,Painting,90-100
Bharathi,Kumar,9012363913,6/20/2023,39,127,Painting,80-90
Aman,Pawar,9012363914,6/20/2023,37,68,Drama,60-70
Tushar,Mahawar,9012363915,6/20/2023,13,38,Dance,70-80
Sweta,ratha,9012363916,6/20/2023,16,152,Sports,90-100
Abhijeet,Rahul kumar,9012363917,6/20/2023,49,78,Painting,70-80
Vishnuprasad,alam,9012363918,6/20/2023,16,60,Dance,70-80
Akash,Kumari,9012363919,6/20/2023,39,167,Sports,90-100
KYAMA,Liya,9012363920,6/20/2023,21,156,Drama,80-90
rishu,Paliwal,9012363921,6/20/2023,4,113,Painting,80-90
Palak,SINGH,9012363922,6/20/2023,5,113,Dance,80-90
Anchal,Tiwary,9012363923,6/20/2023,45,70,Quiz,60-70
rahul,Panigrahi,9012363924,6/20/2023,8,187,Drama,70-80
Charan Kumar,Kumari,901236392,6/20/2023,17,95,Dance,90-100
Vikas,PARLIKAR,9012363926,6/20/2023,26,88,Painting,60-70
Lovely,Bhonagiri,9012363927,6/20/2023,43,36,Dance,80-90
bharath,Kumar,9012363928,6/20/2023,17,150,Quiz,70-80
Aniket,Ingle,9012363929,6/20/2023,27,65,Drama,60-70
Aniket ,Roongta,9012363930,6/20/2023,38,123,Painting,80-90
SAMAGRA,Singh,9712363931,6/20/2023,23,104,Sports,90-100
Radhika,Bajpai,9012363932,6/20/2023,12,138,Drama,90-100
pallavi,srisatya,9012363933,6/20/2023,7,108,    Painting,60-70
Omprakash,modi,9012363934,6/20/2023,35,132,Drama,70-80
usha,Hongchui,9012363935,6/20/2023,27,86,Sports,70-80
Muhammed,Pathak,9012363936,6/20/2023,42,71,Dance,80-90
Prity,Rekalwar,9012363937,2/18/2024,21,123,Quiz,90-100
Vignesh,Maurya,9012363938,6/20/2023,7,40,Quiz,90-100
Fathima,Menaria,9012363939,6/21/2023,23,65,Drama,70-80
sumit,Shankar,9012363940,6/20/2023,36,113,Dance,90-100
Rajat,Das,9012363941,6/20/2023,46,132,Sports,70-80
Divya,Pillai,9012363942,6/20/2023,42,163,Painting,90-100
samarth,Kaur,9012363943,6/20/2023,44,51,Drama,90-100
Sujan,Sarique,9012363944,6/20/2023,13,64,    Drama,80-90
harshitha,Digvijaysinh,9012363945,6/20/2023,38,123,Dance,70-80
Mitali,Sharma,9012363946,6/20/2023,17,164,Sports,60-70
Sanjana,Kalra,9012363947,6/20/2023,41,44,Quiz,60-70
Rajendra,S,9012363948,6/20/2023,40,107,Dance,60-70
V,Vora,9012363949,6/20/2023,24,157,Painting,90-100
Pradnya,karishma,9012363950,6/20/2023,29,124,Painting,70-80
Hariharan,Sharma,9012363951,6/20/2023,41,130,Drama,80-90
RAMESH,Jain Sogani,9012363952,6/20/2023,27,114,Drama,60-70
Dhara,Gambhir,9012363953,4/22/2024,26,122,Dance,70-80
Aniketh,shetty,9012363954,6/20/2023,17,151,Quiz,90-100
SREELAKSHMY,Dhruv,9012363955,6/20/2023,13,92,Sports,70-80
Samrat,Mutyal,9012363956,6/20/2023,19,131,Drama,60-70
Ritish,Singh,9012363957,6/20/2023,9,89,Drama,90-100
Manali,Raj,9012363958,6/20/2023,40,125,Painting,90-100
Abhishek Kumar,Kumar,9012363959,6/20/2023,44,78,Painting,80-90
Bhavarth,P,9012363960,6/20/2023,18,83,Dance,70-80
Shatakshi,Chaubey,9012363961,6/20/2023,33,74,Painting,80-90
Pankaj,Tiwari,9412363962,6/20/2023,32,95,Dance,60-70
Garuku,Bhattacharjee,9012363963,6/20/2023,6,90,Dance,90-100
Mukesh,gangwar,9012363964,6/20/2023,21,88,Drama,70-80
Preeti,Batra,901236396,6/20/2023,12,77,Quiz,60-70
Arun,jain,9012363964,6/20/2023,50,58,Sports,80-90
MITALI,Mahakal,9012363967,6/20/2023,49,87,Painting,90-100
Kirti,paul,9012363968,6/20/2023,48,100,Drama,90-100
Nilesh,Korukonda,9012363969,6/20/2023,49,108,    Painting,90-100
Vipul,Khapre,9012363970,6/20/2023,26,168,Sports,90-100
VAHTHIANCHING,Gujjar,9012363971,6/20/2023,26,107,Quiz,70-80
Akshay,Vikas,9012363972,6/20/2023,30,100,Painting,90-100
Pawnesh,sinha,9012363973,6/20/2023,24,67,Sports,60-70
Rubina,Thapliyal,9412363974,6/20/2023,38,126,Dance,60-70
Kirtika,Tiwari,9012363975,6/20/2023,3,62,Sports,90-100
Srishti,jain,9012363976,6/20/2023,46,101,Painting,70-80
Ranjan,Kumari ,9012363977,2/18/2024,2,120,Drama,80-90
Harleen,Bairagi,9012363978,6/20/2023,41,59,Quiz,90-100
Shoumya,Singh,9012363979,6/20/2023,41,55,Dance,80-90
MOHD,Raut,9012363980,6/20/2023,35,90,Painting,70-80
Pranav,T M,9012363981,6/21/2023,18,103,Drama,60-70
Dipanjan,Wagaj,9012363982,6/21/2023,16,179,Painting,90-100
gaurav,Vinayan,7912363983,6/21/2023,36,66,Painting,90-100
Rohan,Kumbhar,9012363984,6/21/2023,42,148,Dance,80-90
Shivam,S G,9012363985,6/21/2023,5,147,Quiz,80-90
Rahulu,Raj,9012363986,6/21/2023,7,138,Sports,80-90
Pawan,S,9012363987,6/20/2023,30,83,Painting,90-100
Suhruda,chauhan,9012363988,6/20/2023,27,114,Quiz,90-100
Sai krishna,Thakka,9012363989,2/9/2024,15,114,Dance,70-80
Nikita,Sirikonda,9012363990,4/2/2024,8,114,Drama,70-80
Ankit,Badhan,9012363991,5/2/2024,19,138,Painting,80-90
Nandini,Hariharan,9012363992,5/9/2024,24,145,Drama,60-70
Daksh,T,9012363993,6/19/2024,47,159,Quiz,90-100
Yadhu,Joshi,8212363994,6/20/2023,41,69,Sports,90-100
Saurav,Y,9012363995,6/20/2023,38,62,Painting,70-80
Priyanshu,K,9012363996,6/20/2023,15,124,Dance,70-80
Saif,Tyagi,9012363997,6/20/2023,46,109,Dance,80-90
Vishesh,srivastava,9012363998,6/20/2023,25,170,Sports,70-80
Sudeepthi,k,9012363999,6/20/2023,20,115,Sports,90-100
Nitish,Khanam,9012364000,6/20/2023,41,145,Drama,90-100
Voona,dhakre,9012364001,6/20/2023,7,147,Dance,60-70
Gaurav,Gill,9012364002,6/20/2023,50,109,Painting,70-80
Toufiq,Tiwari,9012364003,6/20/2023,19,53,Sports,90-100
Rajlaxmi,Chhabra,9712364004,6/20/2023,50,120,Dance,80-90
Ronit,Singh,9012364005,6/20/2023,24,46,Painting,70-80
Jahnavi,Snegdha,9012364006,4/22/2024,25,106,Drama,60-70
KUMMARAGUNTLA,Chamoli,9012364007,6/20/2023,8,135,Quiz,70-80
Amol,.,9012364008,6/20/2023,19,97,Drama,90-100
Roja,Sharma,9012364009,6/20/2023,44,73,Drama,70-80
Yash,Jain,9012364010,6/20/2023,41,139,Drama,70-80
VIGNESH,Shaikh,9012364011,6/20/2023,34,140,Painting,80-90
Ashokraj,Gupta,9012364012,6/20/2023,13,72,Dance,80-90
Sakshi,MISHRA,8112364013,6/20/2023,18,101,Dance,90-100
Hiral,Bobade,9012364014,6/20/2023,41,187,Sports,80-90
Rahul,Patel,9012364015,6/20/2023,14,86,Painting,60-70
k,Singh,9012364016,6/20/2023,21,115,Quiz,70-80
M.Tamil,HUSSAIN,901236401,6/20/2023,33,157,Sports,70-80
Shanawaz,B,9012364018,6/20/2023,4,158,Dance,90-100
Atharva,Thulasi,9012364019,6/20/2023,42,166,Painting,80-90
Amreen,Yadav,9012364020,6/20/2023,13,103,Drama,80-90
Vaishali,Singh,9012364021,6/20/2023,47,85,Drama,90-100
ALISHA,mohanta,9012364022,6/20/2023,4,86,Dance,80-90
ARNAB,Pawar,9012364023,6/20/2023,18,115,Sports,90-100
surender,YEWALE,9012364024,6/20/2023,49,84,Sports,70-80
Drishti,Mishra,9012364025,6/20/2023,17,101,Quiz,60-70
utkarsh,S,9012364026,6/20/2023,35,63,Drama,90-100
Sourav,Patil,9012364027,6/20/2023,36,116,Painting,80-90
VINEET,Mansuri,9012364028,6/20/2023,6,85,Quiz,80-90
Rajrup Kumar,Khan,9012364029,6/20/2023,48,61,Painting,90-100
Aviral,TIWARI,9012364030,6/20/2023,2,113,Dance,70-80
ADITYA,Rajput,9012364031,6/20/2023,39,68,    Dance,80-90
Armash,Bhatnagar,9012364032,2/18/2024,7,119,Sports,90-100
Kavy,Soni,9012364033,6/20/2023,28,125,Painting,80-90
Niranjan,pandey,9012364034,6/20/2023,12,136,Sports,60-70
neha,Singh,9012364035,6/21/2023,40,111,Drama,90-100
Aishwarya,Tanvi,9012364036,6/21/2023,35,188,Dance,70-80
Amaan,KUMAR GUPTA,9012364037,6/21/2023,46,103,Quiz,90-100
Vrushali,Joshi,9012364038,6/21/2023,26,87,Sports,70-80
Sandeep,Bodha,9012364039,6/21/2023,32,79,Drama,70-80
Akshat,Dhanorkar,9012364040,6/22/2023,13,167,Painting,80-90
syed rizwan,JEEVANA,9012364041,6/21/2023,4,149,Sports,70-80
Pronoy,Yadav,9012364042,6/21/2023,8,92,Dance,90-100
Kiran,Kumar,9012364043,6/21/2023,39,121,Dance,90-100
Abhinav,Nair,9012364044,6/22/2023,35,102,Sports,60-70
Divyanshi,Samuel,9012364045,6/22/2023,30,70,Quiz,80-90
Komal,Alam,9012364046,6/22/2023,43,113,Drama,70-80
Pallabini,R,9712364047,6/22/2023,35,116,Dance,90-100
Abhijeet,SHARMA,9012364048,6/22/2023,2,84,Quiz,80-90
Prashant,Lobo,9012364049,6/22/2023,38,103,Dance,90-100
Nikhil,SRIVASTAVA,9012364050,6/22/2023,11,145,Quiz,70-80
Amit singh,Vibhu,9012364051,6/22/2023,37,62,Painting,70-80
Shreya,Murtaza Ali,9012364052,6/22/2023,28,120,Sports,90-100
Partha,H,9012364053,6/22/2023,24,125,Drama,60-70
Dimple,Tak,9012364054,6/22/2023,39,94,Dance,90-100
K,PAREKH,9012364055,3/5/2024,10,83,Painting,80-90
Nishu,Chaudhary,9012364056,6/22/2023,46,108,Sports,70-80
Mukesh,A,9012364057,6/22/2023,47,116,Quiz,70-80
Dimple,DEY,9012364058,6/22/2023,38,59,Drama,90-100
Madhumita,VikramChary,9012364059,6/22/2023,31,128,Quiz,60-70
Akhileshwar Reddy,Bhardwaj,9012364060,6/22/2023,21,171,Sports,70-80
Nakshatra,Rastogi,9012364061,6/22/2023,32,43,Painting,70-80
Suganya,KUMAR,9012364062,3/9/2024,15,116,Drama,90-100
Mohammadi,Ingale,9012364063,6/22/2023,24,175,Painting,90-100
Rohan,bilal,9012364064,6/22/2023,19,81,Dance,70-80
Antra,Akhilesh,9012364065,6/22/2023,48,124,Drama,80-90
Aarti,Rani,9012364066,6/22/2023,35,63,Painting,80-90
Priya,Bedi,9012364067,6/22/2023,33,62,Drama,90-100
Sushant,KUCHEKAR,9012364068,5/7/2024,16,78,Drama,60-70
Mayuri,jain,9012364069,6/22/2023,29,78,Dance,60-70
amaresh,mulla,9012364070,6/22/2023,8,100,Drama,90-100
Ragini,kansal,9012364071,5/6/2024,9,59,Painting,70-80
Pratik,Kumar,9012364072,6/22/2023,10,94,Quiz,70-80
Harsh,Palla,9012364073,6/22/2023,8,141,Painting,60-70
Venkata,Verma,9012364074,6/22/2023,39,58,Dance,90-100
Isha,Chavhan,9012364075,6/22/2023,47,148,Dance,80-90
Sana,Chauhan,901236407,6/22/2023,15,176,Sports,90-100
Rohit,Kumari,9012364077,6/22/2023,43,39,Quiz,70-80
Akash Kumar,Chamoli,9012364078,6/22/2023,39,121,Drama,80-90
Harini,NAYAK,9012364079,3/29/2024,15,119,Drama,70-80
Akash,sharma,9012364080,6/22/2023,37,86,Sports,60-70
Vishnupriya,Shabadi,9012364081,6/22/2023,45,140,Drama,60-70
Aarti,Kumar,9012364082,6/22/2023,13,38,Dance,70-80
Vaishnavi,Singh,9012364083,6/22/2023,9,125,Quiz,70-80
Pritam,Chauhan,9012364084,6/22/2023,7,100,Painting,90-100
Pratik,Hazra,9012364085,6/22/2023,26,106,Sports,90-100
Burhanuddin,Shandil,9012364086,6/21/2023,33,142,Drama,80-90
Arsh,Yadav,9012364087,6/20/2023,6,144,Quiz,70-80
Shamili,Reddy,9012364088,6/20/2023,47,110,Dance,90-100
Justin,Chandil,9012364089,2/9/2024,11,128,Dance,80-90
chanda,MANOHARAN,9012364090,4/2/2024,48,48,Painting,60-70
Abhishek,Sharma,9012364091,5/2/2024,14,132,Drama   ,90-100
Vinayak,macharla,9012364092,5/9/2024,31,92,Drama,70-80
Bhagyash,gupta,9012364093,6/19/2024,42,165,Quiz,70-80
Ragavan,Singh,9012364094,6/20/2023,28,104,Painting,90-100
Isha,Rohail,9012364095,6/20/2023,21,55,Dance,90-100
SURAJ,Sanjeev patnaik,9012364096,6/20/2023,8,119,Dance,80-90
Gautam,Shukla,9012364097,6/20/2023,39,63,Quiz,80-90
sukrit,Modi,9012364098,6/20/2023,34,130,Sports,90-100
Aadil,komerla,9012364099,6/20/2023,30,116,Drama,70-80
Ashish,Shah,9012364100,6/20/2023,7,171,Painting,90-100
Rohit,Vijaya Kumar,9012364101,4/22/2024,41,102,Dance,80-90
zeel,Mittal,9012364102,6/20/2023,25,120,Drama,70-80
Arshi,gandla,9012364103,6/20/2023,38,171,Dance,80-90
Sushrut,Kareem,8212364104,6/20/2023,20,132,Dance,70-80
Tarun,kale,9012364105,6/20/2023,12,182,Sports,90-100
Karunkumar,Sameer,9012364106,6/20/2023,48,101,Sports,90-100
tanya,,9012364107,6/20/2023,39,85,Quiz,60-70
Jerome,Bhatt,9012364108,6/20/2023,17,69,Drama,70-80
Prathamesh,jain,9012364109,6/20/2023,11,95,Painting,70-80
Likhin,Nahtam,9012364110,6/20/2023,40,107,Sports,70-80
Kushagra,Choudhary,9012364111,6/20/2023,14,108,Dance,90-100
Aman,K,9012364112,6/20/2023,36,68,Painting,60-70
Snigdha,A,9012364113,6/20/2023,4,177,Painting,60-70
Preethi,M,9012364114,6/20/2023,5,158,Quiz,80-90
Mansoor,C V,9012364115,6/20/2023,17,103,Sports,90-100
Aaditya,Rani,9012364116,6/20/2023,33,53,Drama,90-100
Bhavana,Parveen,9012364117,6/20/2023,21,76,Drama,80-90
Akshatha,Singh,9012364118,6/20/2023,44,58,Sports,90-100
shalini,Rahman,9012364119,6/20/2023,49,120,Sports,60-70
Rajat,Bendarkar,9012364120,6/20/2023,22,90,Painting,80-90
puja,Shrivastava,9012364121,6/20/2023,5,108,Painting,80-90
Vishakha,DV,9012364122,6/20/2023,38,96,Drama,90-100
Vismaya,M,9012364123,6/20/2023,41,114,Painting,70-80
Prakash,Koshti,9012364124,6/20/2023,41,159,Quiz,80-90
Jyoti,adhana,9012364125,6/20/2023,14,135,Sports,80-90
Shubhangi,r,9012364126,6/20/2023,34,150,Dance,90-100
Nikhil,Rais,9012364127,2/18/2024,36,71,Quiz,80-90
sohel,Kokate,9012364128,6/20/2023,22,126,Drama,70-80
Sharad,Khan,9012364129,6/20/2023,22,112,    Drama,60-70
Jonathan,Shukla,9012364130,6/20/2023,21,118,Quiz,60-70
Sadiqa,Gupta,9012364131,6/20/2023,2,125,Dance,80-90
Raja,Patel,9012364132,6/21/2023,13,41,Dance,90-100
MAHAMMED,Pandey,9012364133,6/21/2023,28,109,Sports,80-90
ABHISHEK,Pattanayak,9012364134,6/21/2023,40,45,Painting,60-70
Priyanshu,Gaikwad,9012364135,6/21/2023,6,70,Dance,60-70
vineet,singh,9012364136,6/21/2023,14,164,Quiz,70-80
Sneha,kori,9012364137,2/26/2024,40,108,Drama,80-90
Rachita,Patoa,9012364138,6/21/2023,38,140,Painting,90-100
Prajkta,R Nair,9012364139,6/21/2023,27,59,Sports,90-100
Sairam,Akmal,901236414,6/21/2023,33,134,Quiz,80-90
Parepalli,Chandra,9012364141,6/22/2023,40,83,Dance,60-70
Anupama,Thirani,9012364142,6/21/2023,33,132,Painting,70-80
Prajjwal,Waghmare,9012364143,6/21/2023,5,134,Painting,70-80
Pooja,Sayed,901236414,6/21/2023,13,91,Sports,60-70
Bharat,Nagpal,9012364145,6/21/2023,18,144,Quiz,90-100
Anshul,MOHAN,9012364146,6/21/2023,31,117,Drama,90-100
Nikita,Chaudhari,9012364147,6/22/2023,18,142,Drama,70-80
Deepika,Bhati,9012364148,6/22/2023,36,123,Dance,70-80
sonalika,Uppari,9012364149,6/22/2023,39,87,Dance,90-100
zeeshan,Priya,9012364150,6/22/2023,19,51,Drama,70-80
Shanti,Rais,9012364151,6/22/2023,12,103,Dance,80-90
Prachi,Begum,9012364152,6/22/2023,43,82,Painting,90-100
KISHAN,Kumar,9012364153,6/22/2023,38,137,Quiz,70-80
Prince,Singh,9012364154,6/22/2023,49,130,Dance,60-70
Satya,Singh,9012364155,3/5/2024,6,142,Sports,90-100
Jyoti,Ruhela,9012364156,6/22/2023,37,90,Painting,70-80
KARTIK,Mohapatra,9012364157,6/22/2023,43,78,Quiz,60-70
Shiva,Joshi,9012364158,6/22/2023,15,91,Dance,90-100
Juliyas,Singh,9012364159,6/22/2023,24,103,Quiz,80-90
Suraj,Shaikh,9012364160,6/22/2023,20,96,Drama,60-70
Mansi,Mane,9012364161,6/22/2023,29,89,Painting,90-100
Bhavyadeep,das,9012364162,3/9/2024,21,139,Painting,80-90
Puneet,Bhardwaj,9012364163,6/22/2023,17,56,Dance,60-70
vinjarapu,Gupta,9012364164,6/22/2023,45,61,Quiz,60-70
Yashdeep,.,9012364165,6/22/2023,33,83,Sports,70-80
Mathew,Rai,9012364166,6/22/2023,49,74,Sports,80-90
Tejas,Vemuri,9012364167,6/22/2023,9,93,Drama,80-90
Hrishikesh,MAGAR,9012364168,5/7/2024,26,108,Drama,90-100
Rishabh,Agarwal,9012364169,6/22/2023,7,109,Sports,90-100
Tarun,lakshmi,9012364170,6/22/2023,36,157,Drama,80-90
Piyush,Kaur,9012364171,5/6/2024,5,120,Dance,60-70
Vishnu,halkar,9012364172,6/22/2023,13,40,Painting,90-100
Backiyamary,Jain,9012364173,6/22/2023,2,116,Dance,80-90
Shivi,Indalkar,9012364174,6/22/2023,24,63,Dance,70-80
Md,Narkar,9012364175,6/22/2023,38,183,Quiz,70-80
Zala,Yadav,9012364176,6/22/2023,4,41,Sports,80-90
Shubham,K,9012364177,6/22/2023,10,103,Painting,60-70
Nandini,Praneeth,9012364178,6/22/2023,33,139,Dance,90-100
SEETHALAKSHMI,K,9012364179,3/29/2024,11,96,Sports,60-70
Riddhi,Jain,9012364180,6/22/2023,29,100,Sports,90-100
karishma,chawan,9012364181,6/22/2023,28,64,    Quiz,70-80
Muskan,Landge,9012364182,6/22/2023,49,123,Dance,90-100
Sarthak,Shukla,9012364183,6/22/2023,8,171,Painting,80-90
nandika,kalyani,9012364184,6/22/2023,22,106,Drama,80-90
Anjali,Yadav,9012364185,6/23/2023,16,110,Drama,70-80
Rahul,D B,9012364186,6/23/2023,18,101,   Sports,70-80
Ashwin,ETHYA,9012364187,6/23/2023,19,39,Painting,90-100
Abhijeet,Dangi,9012364188,6/23/2023,5,182,Dance,90-100
Sonu,Khapre,9012364189,6/23/2023,28,70,Quiz,70-80
NEHA,Mandavilli,9012364190,6/23/2023,13,70,Dance,70-80
Tanya,Gupta,9012364191,6/23/2023,41,147,Drama,70-80
Nisha,Upadhayay,9012364192,6/23/2023,13,100,Painting,80-90
Debolina,sara,9012364193,6/23/2023,42,108,Sports,90-100
kritgya,Tomar,9012364194,6/23/2023,9,143,Quiz,80-90
Bhavya,Rastogi,9012364195,6/23/2023,13,104,Quiz,80-90
priya,Sharma,9012364196,6/23/2023,50,137,Dance,90-100
Avantika,Choudhary,9012364197,6/23/2023,19,136,Sports,60-70
Amit,Arora,9012364198,6/23/2023,19,104,Painting,70-80
Sumith Kumar,Gayakwad,9012364199,4/10/2024,9,101,Drama,70-80
Vicky,Gupta,9012364200,6/23/2023,17,118,Painting,90-100
sourabh,2.1,9012364201,6/23/2023,24,155,Dance,70-80
Aaryan,Mansukhani,9012364202,6/23/2023,38,87,Quiz,90-100
Bandari,YADAV,9012364203,6/23/2023,14,89,Drama,80-90
Ankur,Dutta,9012364204,6/23/2023,8,92,Sports,70-80
Swati,mulya,9012364205,6/23/2023,44,121,Dance,70-80
Yogendra,Jain,9012364206,6/23/2023,42,72,Painting,80-90
muskan,Wakchaure,9012364207,6/23/2023,29,126,Drama,90-100
Puja,Biswal,9012364208,6/23/2023,46,86,Drama,70-80
Monika,Shah,9012364209,6/23/2023,19,112,Quiz,80-90
Hardik,J,9012364210,6/23/2023,15,106,Sports,70-80
Bhumika,gupta,9012364211,2/29/2024,35,111,Sports,90-100
BHARTI,chander,9012364212,6/23/2023,28,41,Dance,60-70
HARSHITHA,Parveen,9012364213,6/23/2023,4,122,Sports,80-90
Vishakha,Mathur,9012364214,6/23/2023,43,83,Quiz,70-80
Shradha,Sheikh,9012364215,6/23/2023,17,143,Painting,90-100
Snehal,Dharini,9012364216,6/23/2023,47,66,Dance,60-70
GEENA,Merchant,9012364217,6/20/2023,47,97,Dance,70-80
Sanket,Kanase,9012364218,6/20/2023,43,146,Painting,70-80
Kiran,Sahu,9012364219,6/20/2023,8,77,Drama,90-100
savita,BISWAL,9012364220,6/20/2023,2,171,Drama,80-90
Rohan,Joshi,9012364221,6/20/2023,13,180,Dance,70-80
Vani,Mondal,9012364222,6/20/2023,23,151,Sports,70-80
Naman,Subia,9012364223,6/20/2023,10,137,Dance,70-80
Srekesh,Sachan,9012364224,6/20/2023,24,88,Painting,60-70
Kundan,Vetrivel,9012364225,4/22/2024,33,134,Quiz,90-100
Neha,bhargav,9012364226,6/20/2023,48,153,Drama,80-90
Pallavi,MANIKPURI,9012364227,6/20/2023,37,150,Dance,70-80
Afira,Shingadia,9012364228,6/20/2023,5,131,Sports,70-80
Sujaindhar,Neel,901236422,6/20/2023,11,59,Painting,70-80
Nitin,pandey,9012364230,6/20/2023,44,69,Sports,90-100
varun,Akbar,9012364231,6/20/2023,28,117,Sports,70-80
karthik,Jain,9012364232,6/20/2023,44,54,Dance,80-90
Naheed,Manjhi,9012364233,6/20/2023,48,105,Painting,60-70
Suraj,Prakash,901236423,6/20/2023,26,125,Sports,90-100
Parmeet,BHATT,9012364235,6/20/2023,16,122,Dance,70-80
yogendr,S P,9012364236,6/20/2023,30,68,Painting,70-80
Sneha,shamim,9012364237,6/20/2023,24,53,Quiz,70-80
Vansh Deep,BAXLA,9012364238,6/20/2023,11,58,Painting,90-100
Vangara,Pandhare,9012364239,6/20/2023,3,158,Dance,90-100
Anjali,AHMED,9012364240,6/20/2023,21,99,Drama,80-90
Raja,Vijayan,9012364241,6/20/2023,38,143,Quiz,80-90
Vidit,Dave,9012364242,6/20/2023,19,145,Drama,80-90
Palak,Bharti,9012364243,6/20/2023,40,131,Dance,90-100
Naushin,Balgotra,9012364244,6/20/2023,19,126,Painting,60-70
Davesh,Sonni,9012364245,6/20/2023,23,62,Dance,60-70
RITURAJ,Thahasil,9012364246,6/20/2023,9,81,Sports,70-80
Payal,Sonni,9012364247,6/20/2023,21,156,Sports,70-80
Shubham,Agarwal,9012364248,6/20/2023,47,130,Drama,70-80
Swati,Roy,9012364249,6/21/2023,9,84,Quiz,90-100
MD A SADDAM,TALMALE,9012364250,6/21/2023,39,105,Dance,80-90
LOGANATHAN,Mishra,9012364251,2/26/2024,18,85,Drama,60-70
Guguloth,Shukla,9012364252,6/21/2023,50,85,Sports,90-100
Akshay,Bellamkonda,9012364253,6/21/2023,2,137,Drama,70-80
Pratiksha,Halne,9012364254,6/21/2023,40,159,Painting,70-80
vishal,Yaminipriya,9012364255,6/22/2023,46,100,Dance,70-80
Pradnya,Bhatt,9012364256,6/21/2023,14,148,Dance,70-80
SAKSHI,Pawar,9012364257,6/21/2023,21,138,Painting,90-100
Shubhanker,Jaiswal,9012364258,6/21/2023,7,110,Sports,90-100
Somashekar,Pari,9012364259,6/21/2023,37,90,Sports,80-90
Aditya,Mog,9012364260,6/21/2023,14,55,Dance,90-100
Shirin,Jain,9012364261,6/21/2023,45,88,Dance,70-80
Abdullah,Pirsali,9012364262,6/22/2023,9,126,Painting,80-90
AMAN,Chidalla,9012364263,6/22/2023,20,135,Drama,70-80
Isha,Dubey,9012364264,6/22/2023,7,82,Sports,90-100
Divyansh,Sharma,9012364265,6/22/2023,21,175,Quiz,90-100
Preeti,Jadhav,9012364266,6/22/2023,31,141,Dance,90-100
Ritu,Raj,9012364267,6/22/2023,34,72,Painting,60-70
Vikash Kumar,jain,9012364268,6/22/2023,25,161,Quiz,80-90
tanishka,B,9012364269,6/22/2023,49,52,Drama,90-100
ABHISHEK,Kumari,9012364270,6/22/2023,21,57,Quiz,90-100
Anshu,Suryavanshi,9012364271,3/5/2024,50,138,Sports,90-100
Malyadri,Mohammed Hussain,9012364272,6/22/2023,48,125,Painting,70-80
Nutan,Rana,9012364273,6/22/2023,43,48,Dance,80-90
KARNATI,kumar,9012364274,6/22/2023,11,85,Dance,80-90
Mandadi Vaishnavi,Krishna,9012364275,6/22/2023,17,102,Drama,60-70
Anuj,Anas,8212364276,6/22/2023,45,82,Quiz,90-100
Nitya,Shetty,9012364277,6/22/2023,19,118,Painting,60-70
Sona,Himanshu,9012364278,3/9/2024,49,109,Sports,80-90
Md Mustaque,Jadaun,9012364279,6/22/2023,7,118,Drama,80-90
Sanjay.,Shaikh,9012364280,6/22/2023,2,153,Painting,90-100
HIMANSHU,Negi,9012364281,6/22/2023,20,138,Painting,70-80
Ansel,JJ,9012364282,6/22/2023,32,124,Quiz,70-80
HARSHIT,Modi,9012364283,6/22/2023,35,105,Dance,80-90
Animesh,Bhatt,9012364284,6/22/2023,37,128,Quiz,90-100
Mohammed,Banka,9012364285,6/22/2023,31,127,Sports,60-70
Harshitha,Mishra,9012364286,6/22/2023,18,103,Dance,90-100
Nikita,C,9012364287,5/6/2024,2,149,Sports,70-80
PRACHI,Kotturu,9012364288,6/22/2023,9,76,Sports,70-80
Rishabh,Vijayan,9012364289,6/22/2023,41,112,Drama,80-90
Luka,Yelgulwar,9012364290,6/22/2023,14,123,Painting,80-90
PAYEL,Pandey,9012364291,6/22/2023,30,112,Painting,60-70
vadla,Laljani,9012364292,6/22/2023,34,134,Dance,80-90
Arnav,Nadar,9012364293,3/29/2024,36,77,Quiz,90-100
Udbhav,Joshi,9012364294,6/22/2023,12,135,Sports,70-80
GOLU,Agnihotri,9012364295,6/22/2023,6,72,Drama,70-80
Prachi,Arif,9012364296,6/22/2023,37,59,Sports,80-90
Shaik,DCunha,9012364297,6/22/2023,28,78,Drama,90-100
Moturi,Sithananthan,9012364298,6/22/2023,26,50,Quiz,80-90
Shreya,Bansal,9012364299,6/23/2023,2,97,Painting,80-90
Saloni,Puri,9012364300,6/23/2023,49,109,Drama,90-100
MAYURI,Sharma,9012364301,6/23/2023,34,127,Dance,70-80
muskan,Singh,9012364302,6/23/2023,34,178,Drama,70-80
shefaan,Kumar,9012364303,6/23/2023,8,140,Quiz,80-90
jyoti,Ramakrishna,9012364304,6/23/2023,12,105,Painting,90-100
Himanshu,Saha,9012364305,6/23/2023,49,116,Sports,80-90
Saikiran,Gupta,9012364306,6/23/2023,34,91,Painting,80-90
Mansi,CHAKRABORTY,9012364307,6/23/2023,33,156,Dance,90-100
Sanjeevani,.,9012364308,6/23/2023,11,105,Sports,80-90
Kajal,Maheshwari,9012364309,6/23/2023,43,68,Quiz,70-80
Nitish,Agnihotri,9012364310,6/23/2023,22,173,Drama,90-100
DIBYA RANJAN,Sharma,9012364311,6/23/2023,24,124,Painting,90-100
ankit,K,9012364312,6/23/2023,25,132,Sports,60-70
Preeti,Sistla,9012364313,6/23/2023,41,86,Sports,80-90
A.Praveen,Marwein,8012364314,4/10/2024,26,116,Dance,90-100
Harsh,Murmu,9012364315,6/23/2023,19,79,Painting,70-80
Sonalika,shrivastav,9012364316,6/23/2023,27,58,Painting,80-90
Samsthita,Patel,9012364317,6/23/2023,11,194,Drama,80-90
Abhisek,Das,6212364318,6/23/2023,45,97,Dance,90-100
Sandhya,Kotturu,9012364319,6/23/2023,12,132,Dance,90-100